question_id,question_text,priority,pattern_id,pattern_name,solving_formula,notes,salvageable,simple_explanation
3.2,How would you do a database migration?,ðŸ”´,N/A,N/A,N/A,Technical implementation; likely coding,YES,"Understand the concept, break into steps, use appropriate data structure (hash map, array, tree, etc.)"
5,A $5 discount coupon is given to N riders. The probability of using a coupon is P. What is the expected cost for the company?,ðŸ”´,N/A,N/A,N/A,Math calculation; probability theory,YES,"Expected value = sum of (probability Ã— value). For each outcome, multiply chance by cost, add them up"
8,A discount coupon is given to N riders. The probability of using a coupon is P. What is the probability that one of the coupons will be used?,ðŸ”´,N/A,N/A,N/A,Math calculation; probability theory,YES,Probability = favorable outcomes / total outcomes. Calculate chance of something happening
10,A knapsack has a maximum capacity C and there are n items each with weight w[i] and value v[i]. Maximize the knapsack value without exceeding capacity.,ðŸ”´,N/A,N/A,N/A,Algorithm puzzle; classic knapsack problem,YES,"DP: For each item, decide take or skip. Build table: capacity Ã— items. Remember best value for each capacity"
14,A PM at Google asked you to describe the distribution of daily search queries per user. How would you describe it?,ðŸ”´,N/A,N/A,N/A,Statistics theory; distribution description,YES,"Distribution = how values are spread. Describe shape: normal (bell curve), skewed, uniform, etc."
15,A PM at Meta asked you to describe the distribution of daily minutes spent on Facebook per user. How would you describe it?,ðŸ”´,N/A,N/A,N/A,Statistics theory; distribution description,YES,"Distribution = how values are spread. Describe shape: normal (bell curve), skewed, uniform, etc."
18,Abbreviate an array of strings.,ðŸ”´,N/A,N/A,N/A,Coding problem; string manipulation,YES,"Work with text. Compare characters, find patterns, extract parts"
23,"Among the following PM traits, which is your greatest strength and which is your greatest weakness: working with engineering, execution, ideation and visioning, working with design, working with metrics?",ðŸ”´,N/A,N/A,N/A,Behavioral self-assessment,NO,N/A - Too complex or not relevant
27,Analyze Monthly Customer Transactions,ðŸ”´,N/A,N/A,N/A,Vague; likely SQL or coding task,NO,N/A - Too complex or not relevant
28,Apply the quadratic formula to a sorted array such that the resulting array is still sorted.,ðŸ”´,N/A,N/A,N/A,Algorithm problem; math + sorting,YES,"Binary search: cut problem in half each time. Compare middle with target, eliminate half"
29,"Are you familiar with AI prototyping? Which tools or platforms have you used, and what has your experience been with them so far?",ðŸ”´,N/A,N/A,N/A,Behavioral; tool familiarity,NO,N/A - Too complex or not relevant
30,"Array Manipulation: Given an array, implement functions to perform add, remove, update operations and return the resulting array.",ðŸ”´,N/A,N/A,N/A,Coding problem; array operations,YES,"Loop through items, check conditions, collect results. Basic: for each item â†’ if condition â†’ act"
36,"As a manager, how do you handle trade-offs?",ðŸ”´,N/A,N/A,N/A,Abstract behavioral; no specific scenario,NO,N/A - Too complex or not relevant
128,Build a Basic Regex Parser,ðŸ”´,N/A,N/A,N/A,Algorithm implementation; coding question,NO,N/A - Too complex or not relevant
129,Build a Calculator,ðŸ”´,N/A,N/A,N/A,Algorithm implementation; coding question,YES,Break into steps. Identify data structures needed. Write functions for each operation
131,Build a hash tree algorithm.,ðŸ”´,N/A,N/A,N/A,Algorithm implementation; coding question,YES,Use a lookup table - store things by name so you can find them instantly. Like a phone book: name â†’ number
137,Build a web crawler with multi-threading.,ðŸ”´,N/A,N/A,N/A,Algorithm implementation; coding question,NO,N/A - Too complex or not relevant
139,Calculate Test Scores,ðŸ”´,N/A,N/A,N/A,Math calculation; coding question,NO,N/A - Too complex or not relevant
140,Calculate the height of a binary tree.,ðŸ”´,N/A,N/A,N/A,Algorithm implementation; coding question,YES,Visit nodes in order (left â†’ root â†’ right or root â†’ left â†’ right). Use recursion or stack
141,Calculate the number of times a pattern appears in a string.,ðŸ”´,N/A,N/A,N/A,Algorithm implementation; coding question,YES,"Work with text. Compare characters, find patterns, extract parts"
142,Calculate the result of a mathematical expression written as a string.,ðŸ”´,N/A,N/A,N/A,Algorithm implementation; coding question,YES,"Work with text. Compare characters, find patterns, extract parts"
143,Calculate the trapped rainwater between bars in a given array.,ðŸ”´,N/A,N/A,N/A,Algorithm implementation; LeetCode problem,YES,"Loop through items, check conditions, collect results. Basic: for each item â†’ if condition â†’ act"
145,"Can Jump - Given an array of non-negative integers, you're initially at the first index. Each element represents your maximum jump length at that position. Determine if you can reach the last index.",ðŸ”´,N/A,N/A,N/A,Algorithm implementation; LeetCode problem,YES,"Greedy: pick best option at each step. Don't look back, just take what's best now"
148,Can you implement batch normalization using NumPy?,ðŸ”´,N/A,N/A,N/A,Algorithm implementation; ML coding question,NO,N/A - Too complex or not relevant
155,Check if a given binary tree is a complete binary tree.,ðŸ”´,N/A,N/A,N/A,Algorithm implementation; coding question,YES,Visit nodes in order (left â†’ root â†’ right or root â†’ left â†’ right). Use recursion or stack
156,Check the correct placement of parentheses in a string.,ðŸ”´,N/A,N/A,N/A,Algorithm implementation; coding question,YES,"Use a stack - last opened must be first closed. Like stacking plates: last in, first out"
163,Climbing Stairs,ðŸ”´,N/A,N/A,N/A,Algorithm implementation; LeetCode problem,YES,"Break into smaller problems. Solve each once, remember answers. Build up from small to big"
164,Clone a linked list with a random pointer.,ðŸ”´,N/A,N/A,N/A,Algorithm implementation; coding question,YES,"Chain of nodes. Each node points to next. Easy to add/remove, but must traverse to find"
165,Closest Subarray Sum to Target.,ðŸ”´,N/A,N/A,N/A,Algorithm implementation; coding question,YES,"Use sliding window - expand right until condition met, then shrink left. Like a rubber band"
166,"Code an image-processing pipeline that reads per-image instruction files and applies ordered transformations (e.g., rotate, invert, crop, convert) to large sets of images of varying sizes across mu...",ðŸ”´,N/A,N/A,N/A,Algorithm implementation; coding question,YES,"Understand the concept, break into steps, use appropriate data structure (hash map, array, tree, etc.)"
167,Coin Change,ðŸ”´,N/A,N/A,N/A,Algorithm implementation; LeetCode problem,YES,"Break into smaller problems. Solve each once, remember answers. Build up from small to big"
169,Compute the binary representation of an integer.,ðŸ”´,N/A,N/A,N/A,Algorithm implementation; coding question,YES,"Understand the concept, break into steps, use appropriate data structure (hash map, array, tree, etc.)"
171,Construct a binary tree given its preorder and inorder traversals.,ðŸ”´,N/A,N/A,N/A,Algorithm implementation; coding question,YES,Visit nodes in order (left â†’ root â†’ right or root â†’ left â†’ right). Use recursion or stack
172,Convert a matrix to a quad tree.,ðŸ”´,N/A,N/A,N/A,Algorithm implementation; coding question,YES,Visit nodes in order (left â†’ root â†’ right or root â†’ left â†’ right). Use recursion or stack
173,Convert Biased Coin to Fair Coin,ðŸ”´,N/A,N/A,N/A,Algorithm implementation; coding question,YES,"Understand the concept, break into steps, use appropriate data structure (hash map, array, tree, etc.)"
174,Count items within compartments between specific indices of an array.,ðŸ”´,N/A,N/A,N/A,Algorithm implementation; coding question,YES,"Loop through items, check conditions, collect results. Basic: for each item â†’ if condition â†’ act"
175,Count the number of ways to split a string.,ðŸ”´,N/A,N/A,N/A,Algorithm implementation; coding question,YES,"Work with text. Compare characters, find patterns, extract parts"
176,Course Schedule,ðŸ”´,N/A,N/A,N/A,Algorithm implementation; LeetCode problem,YES,"Understand the concept, break into steps, use appropriate data structure (hash map, array, tree, etc.)"
177,"Create a function that accepts structured data as input, includes column names, and outputs data suited for generating a pivot table.",ðŸ”´,N/A,N/A,N/A,Algorithm implementation; coding question,YES,Break into steps. Identify data structures needed. Write functions for each operation
184,Debug and extend a Python codebase by adding an async exponential retry mechanism with timeouts and backoff so failures are retried until success.,ðŸ”´,N/A,N/A,N/A,Algorithm implementation; coding question,YES,Tree for strings. Each level = one character. Fast prefix search
190,Define hallucinations in LLMs.,ðŸ”´,N/A,N/A,N/A,Technical definition; ML theory,NO,N/A - Too complex or not relevant
199,Degrees of Friendship,ðŸ”´,N/A,N/A,N/A,Algorithm implementation; coding question,YES,"Understand the concept, break into steps, use appropriate data structure (hash map, array, tree, etc.)"
200,Delete Node in a Binary Search Tree (BST).,ðŸ”´,N/A,N/A,N/A,Algorithm implementation; coding question,YES,"Binary search: cut problem in half each time. Compare middle with target, eliminate half"
233,Describe how the split in a decision tree works.,ðŸ”´,N/A,N/A,N/A,ML theory explanation; technical definition,YES,Visit nodes in order (left â†’ root â†’ right or root â†’ left â†’ right). Use recursion or stack
237,Describe the distribution between the 5th and 6th points in an interval from 0 to 1 containing ten uniformly distributed points.,ðŸ”´,N/A,N/A,N/A,Math calculation; probability theory,YES,"Distribution = how values are spread. Describe shape: normal (bell curve), skewed, uniform, etc."
284,Design a custom policy extension for an LRU Cache.,ðŸ”´,N/A,N/A,N/A,Algorithm implementation; coding question,YES,"Understand the concept, break into steps, use appropriate data structure (hash map, array, tree, etc.)"
288,"Design a data structure that supports insert, delete, search, and retrieve in constant time.",ðŸ”´,N/A,N/A,N/A,Algorithm implementation; coding question,YES,Tree for strings. Each level = one character. Fast prefix search
452,Design a queue using static memory allocation.,ðŸ”´,N/A,N/A,N/A,Algorithm implementation; coding question,YES,"First in, first out. Like a line: first person in line is first served"
519,Design a task scheduler in Python.,ðŸ”´,N/A,N/A,N/A,Algorithm implementation; coding question,YES,"Understand the concept, break into steps, use appropriate data structure (hash map, array, tree, etc.)"
566,Design an algorithm to predict the next word or phrase one is typing on a phone.,ðŸ”´,N/A,N/A,N/A,Algorithm implementation; coding question,YES,"Understand the concept, break into steps, use appropriate data structure (hash map, array, tree, etc.)"
623,Design an iterator.,ðŸ”´,N/A,N/A,N/A,Algorithm implementation; coding question,YES,"Understand the concept, break into steps, use appropriate data structure (hash map, array, tree, etc.)"
624,Design an LCU cache.,ðŸ”´,N/A,N/A,N/A,Algorithm implementation; coding question,YES,"Understand the concept, break into steps, use appropriate data structure (hash map, array, tree, etc.)"
635,"Design and implement an in-memory key-value store that supports set, transactional begin, commit, and abort operations.",ðŸ”´,N/A,N/A,N/A,Algorithm implementation; coding question,YES,Use a lookup table - store things by name so you can find them instantly. Like a phone book: name â†’ number
636,Design and implement logic to synchronize audio playback timing with transcript highlighting.,ðŸ”´,N/A,N/A,N/A,Algorithm implementation; coding question,YES,Break into steps. Identify data structures needed. Write functions for each operation
692,Detect cycle in graph,ðŸ”´,N/A,N/A,N/A,Algorithm implementation; coding question,YES,"Graph = nodes connected by edges. Visit neighbors, mark visited. Use queue (BFS) or stack (DFS)"
694,Determine a ship's capacity to ship packages in D days.,ðŸ”´,N/A,N/A,N/A,Algorithm implementation; coding question,YES,"Understand the concept, break into steps, use appropriate data structure (hash map, array, tree, etc.)"
695,Determine if a given binary tree is a binary search tree (BST).,ðŸ”´,N/A,N/A,N/A,Algorithm implementation; coding question,YES,"Binary search: cut problem in half each time. Compare middle with target, eliminate half"
696,Determine if a number is a power of two.,ðŸ”´,N/A,N/A,N/A,Algorithm implementation; coding question,YES,"Understand the concept, break into steps, use appropriate data structure (hash map, array, tree, etc.)"
697,Determine if an array of integers from 1 to n contains a duplicate in constant time and space.,ðŸ”´,N/A,N/A,N/A,Algorithm implementation; coding question,YES,"Use a hash map to remember what you've seen before. Check each item: have I seen this? If yes, it's a duplicate"
699,Determine if two sentences are similar.,ðŸ”´,N/A,N/A,N/A,Algorithm implementation; NLP coding,YES,"Understand the concept, break into steps, use appropriate data structure (hash map, array, tree, etc.)"
700,Determine if two words are sorted in lexicographic order.,ðŸ”´,N/A,N/A,N/A,Algorithm implementation; coding question,YES,"Graph = nodes connected by edges. Visit neighbors, mark visited. Use queue (BFS) or stack (DFS)"
702,Determine the minimum number of parentheses needed to balance a given string.,ðŸ”´,N/A,N/A,N/A,Algorithm implementation; coding question,YES,"Use a stack - last opened must be first closed. Like stacking plates: last in, first out"
703,Develop a custom data structure with O(1) time complexity for get() and setall() operations.,ðŸ”´,N/A,N/A,N/A,Algorithm implementation; coding question,YES,"Understand the concept, break into steps, use appropriate data structure (hash map, array, tree, etc.)"
706,"Develop an algorithm for a radio station to select the next song from a database of over one million songs, given that only one input is allowed from the user on the landing page.",ðŸ”´,N/A,N/A,N/A,Algorithm implementation; coding question,YES,"Understand the concept, break into steps, use appropriate data structure (hash map, array, tree, etc.)"
733,Duolingo Leaderboards,ðŸ”´,N/A,N/A,N/A,Algorithm implementation; coding question,YES,"Understand the concept, break into steps, use appropriate data structure (hash map, array, tree, etc.)"
734,Edit distance,ðŸ”´,N/A,N/A,N/A,Algorithm implementation; coding question,YES,"Understand the concept, break into steps, use appropriate data structure (hash map, array, tree, etc.)"
735,Efficiently find the next greatest element in an array.,ðŸ”´,N/A,N/A,N/A,Algorithm implementation; coding question,YES,"Loop through items, check conditions, collect results. Basic: for each item â†’ if condition â†’ act"
750,Estimate the circumference of the Earth at the Equator.,ðŸ”´,N/A,N/A,N/A,Math calculation; brain teaser,YES,"Break into parts, estimate each, multiply. Show your thinking: assumptions â†’ calculations â†’ answer"
763,Estimate the number of pieces of candy given out in your city.,ðŸ”´,N/A,N/A,N/A,Math estimation; brain teaser,YES,"Break into parts, estimate each, multiply. Show your thinking: assumptions â†’ calculations â†’ answer"
764,Estimate the number of potholes in continental USA.,ðŸ”´,N/A,N/A,N/A,Math estimation; brain teaser,YES,"Break into parts, estimate each, multiply. Show your thinking: assumptions â†’ calculations â†’ answer"
768,Estimate the number of trees in the city of Delhi.,ðŸ”´,N/A,N/A,N/A,Math estimation; brain teaser,YES,Visit nodes in order (left â†’ root â†’ right or root â†’ left â†’ right). Use recursion or stack
774,Estimate the total miles run by joggers in Central Park.,ðŸ”´,N/A,N/A,N/A,Math estimation; brain teaser,YES,"Break into parts, estimate each, multiply. Show your thinking: assumptions â†’ calculations â†’ answer"
782,Explain all kinds of OOP concepts in Python.,ðŸ”´,N/A,N/A,N/A,Technical explanation; programming concepts,NO,N/A - Too complex or not relevant
783,Explain auto-regression.,ðŸ”´,N/A,N/A,N/A,ML theory explanation; technical definition,NO,N/A - Too complex or not relevant
784,Explain Bayes' theorem.,ðŸ”´,N/A,N/A,N/A,Math theory explanation; probability,YES,"Understand the concept, break into steps, use appropriate data structure (hash map, array, tree, etc.)"
785,Explain BERT.,ðŸ”´,N/A,N/A,N/A,ML theory explanation; NLP,NO,N/A - Too complex or not relevant
786,Explain bias-variance tradeoff.,ðŸ”´,N/A,N/A,N/A,ML theory explanation; model evaluation,YES,Bias = too simple (underfitting). Variance = too complex (overfitting). Need balance
787,Explain callback functions.,ðŸ”´,N/A,N/A,N/A,Programming concept; technical definition,NO,N/A - Too complex or not relevant
788,Explain cross entropy.,ðŸ”´,N/A,N/A,N/A,ML theory explanation; loss function,NO,N/A - Too complex or not relevant
789,Explain cross-validation and testing in logistic regression.,ðŸ”´,N/A,N/A,N/A,ML theory explanation; model validation,YES,"Split data into parts. Train on some, test on others. Rotate to check if model works well"
792,Explain deep reinforcement learning.,ðŸ”´,N/A,N/A,N/A,ML theory explanation; RL,NO,N/A - Too complex or not relevant
794,Explain how garbage collection works in programming.,ðŸ”´,N/A,N/A,N/A,Technical explanation; programming internals,NO,N/A - Too complex or not relevant
795,Explain how hash maps work.,ðŸ”´,N/A,N/A,N/A,Technical explanation; data structures,YES,Use a lookup table - store things by name so you can find them instantly. Like a phone book: name â†’ number
800,Explain how to find a target sum in an array.,ðŸ”´,N/A,N/A,N/A,Algorithm explanation; coding question,YES,"Use hash map: for each number, check if (target - number) exists. Like: I need 10, I have 7, do I have 3?"
802,Explain how you choose a model or algorithm to solve a problem.,ðŸ”´,N/A,N/A,N/A,ML theory explanation; technical decision,NO,N/A - Too complex or not relevant
806,Explain how you would fit data using logistic regression.,ðŸ”´,N/A,N/A,N/A,ML theory explanation; model fitting,NO,N/A - Too complex or not relevant
808,"Explain malloc, calloc, and reelloc.",ðŸ”´,N/A,N/A,N/A,Technical explanation; memory management,NO,N/A - Too complex or not relevant
809,Explain Mask R-CNN.,ðŸ”´,N/A,N/A,N/A,ML theory explanation; computer vision,NO,N/A - Too complex or not relevant
810,Explain multithreading.,ðŸ”´,N/A,N/A,N/A,Technical explanation; concurrency,NO,N/A - Too complex or not relevant
811,Explain normalization and Bayes' theorem.,ðŸ”´,N/A,N/A,N/A,ML theory explanation; probability,YES,"Understand the concept, break into steps, use appropriate data structure (hash map, array, tree, etc.)"
812,Explain overfitting.,ðŸ”´,N/A,N/A,N/A,ML theory explanation; model evaluation,YES,"Model memorizes training data too well, fails on new data. Fix: more data, simpler model, regularization"
813,Explain polymorphism.,ðŸ”´,N/A,N/A,N/A,Programming concept; OOP,NO,N/A - Too complex or not relevant
815,Explain prime numbers to a five-year-old.,ðŸ”´,N/A,N/A,N/A,Math explanation; brain teaser,NO,N/A - Too complex or not relevant
816,Explain regularization.,ðŸ”´,N/A,N/A,N/A,ML theory explanation; model optimization,YES,Penalize complex models. Add cost for complexity to prevent overfitting
817,Explain semantic segmentation.,ðŸ”´,N/A,N/A,N/A,ML theory explanation; computer vision,NO,N/A - Too complex or not relevant
818,Explain semi-supervised learning.,ðŸ”´,N/A,N/A,N/A,ML theory explanation; learning paradigm,NO,N/A - Too complex or not relevant
819,Explain TF-IDF.,ðŸ”´,N/A,N/A,N/A,ML theory explanation; NLP,NO,N/A - Too complex or not relevant
820,Explain the difference between Convolutional Neural Networks (CNNs) and Recurrent Neural Networks (RNNs).,ðŸ”´,N/A,N/A,N/A,ML theory explanation; neural networks,YES,CNN = good for images (spatial patterns). RNN = good for sequences (time patterns)
821,Explain the differences between an interface and an abstract class.,ðŸ”´,N/A,N/A,N/A,Programming concept; OOP,NO,N/A - Too complex or not relevant
822,Explain the differences between L1 and L2 regression.,ðŸ”´,N/A,N/A,N/A,ML theory explanation; regularization,YES,"Understand the concept, break into steps, use appropriate data structure (hash map, array, tree, etc.)"
823,Explain the differences between linear and logistic regression.,ðŸ”´,N/A,N/A,N/A,ML theory explanation; regression,NO,N/A - Too complex or not relevant
824,Explain the differences between LSTM and traditional neural networks.,ðŸ”´,N/A,N/A,N/A,ML theory explanation; neural networks,YES,CNN = good for images (spatial patterns). RNN = good for sequences (time patterns)
825,Explain the differences between multithreading and multiprocessing.,ðŸ”´,N/A,N/A,N/A,Technical explanation; concurrency,NO,N/A - Too complex or not relevant
826,Explain the differences between nonconvex and convex functions.,ðŸ”´,N/A,N/A,N/A,Math theory explanation; optimization,NO,N/A - Too complex or not relevant
828,Explain the differences between ReLU and Sigmoid.,ðŸ”´,N/A,N/A,N/A,ML theory explanation; activation functions,NO,N/A - Too complex or not relevant
829,Explain the differences between stack and heap memory allocation.,ðŸ”´,N/A,N/A,N/A,Technical explanation; memory management,NO,N/A - Too complex or not relevant
831,Explain the filter function.,ðŸ”´,N/A,N/A,N/A,Programming concept; functional programming,NO,N/A - Too complex or not relevant
833,Explain the map function.,ðŸ”´,N/A,N/A,N/A,Programming concept; functional programming,YES,"Understand the concept, break into steps, use appropriate data structure (hash map, array, tree, etc.)"
834,Explain the memory changes that occur when executing: Object o = new Object().,ðŸ”´,N/A,N/A,N/A,Technical explanation; memory management,NO,N/A - Too complex or not relevant
837,Explain the relationship between the log-likelihood loss function for logistic regression and maximum likelihood estimation.,ðŸ”´,N/A,N/A,N/A,ML theory explanation; mathematical proof,NO,N/A - Too complex or not relevant
838,Explain the solution for Leetcode problem 1010: Pairs of Songs With Total Durations Divisible by 60.,ðŸ”´,N/A,N/A,N/A,Algorithm explanation; coding question,NO,N/A - Too complex or not relevant
839,Explain the sort function.,ðŸ”´,N/A,N/A,N/A,Programming concept; algorithms,YES,"Arrange items in order. Compare pairs, swap if needed. Many ways: quick sort, merge sort"
840,Explain the time and space complexities of sorting algorithms.,ðŸ”´,N/A,N/A,N/A,Algorithm theory explanation; complexity analysis,YES,"Arrange items in order. Compare pairs, swap if needed. Many ways: quick sort, merge sort"
841,Explain the time complexity differences between ArrayList and LinkedList.,ðŸ”´,N/A,N/A,N/A,Data structure explanation; complexity analysis,YES,"Loop through items, check conditions, collect results. Basic: for each item â†’ if condition â†’ act"
842,Explain tic tac toe end games.,ðŸ”´,N/A,N/A,N/A,Game theory explanation; brain teaser,NO,N/A - Too complex or not relevant
843,Explain transformers.,ðŸ”´,N/A,N/A,N/A,ML theory explanation; NLP,YES,Attention mechanism: focus on important parts. Like reading - pay attention to key words
851,Fibonacci Numbers,ðŸ”´,N/A,N/A,N/A,Algorithm implementation; coding question,YES,"Understand the concept, break into steps, use appropriate data structure (hash map, array, tree, etc.)"
852,Find a triplet in an array with a given sum.,ðŸ”´,N/A,N/A,N/A,Algorithm implementation; coding question,YES,"Loop through items, check conditions, collect results. Basic: for each item â†’ if condition â†’ act"
856,Find duplicate files in a file system.,ðŸ”´,N/A,N/A,N/A,Algorithm implementation; coding question,YES,"Understand the concept, break into steps, use appropriate data structure (hash map, array, tree, etc.)"
857,Find Largest Numbers,ðŸ”´,N/A,N/A,N/A,Algorithm implementation; coding question,YES,"Understand the concept, break into steps, use appropriate data structure (hash map, array, tree, etc.)"
858,Find peak element in an array,ðŸ”´,N/A,N/A,N/A,Algorithm implementation; coding question,YES,"Loop through items, check conditions, collect results. Basic: for each item â†’ if condition â†’ act"
859,Find points closest to the origin.,ðŸ”´,N/A,N/A,N/A,Algorithm implementation; coding question,YES,"Binary search: cut problem in half each time. Compare middle with target, eliminate half"
860,Find the closest number in a sorted array.,ðŸ”´,N/A,N/A,N/A,Algorithm implementation; coding question,YES,"Binary search: cut problem in half each time. Compare middle with target, eliminate half"
861,Find the closest palindrome of a given number.,ðŸ”´,N/A,N/A,N/A,Algorithm implementation; coding question,YES,"Use two pointers - one from left, one from right. Compare and move them toward each other"
862,Find the common ancestors in a tree.,ðŸ”´,N/A,N/A,N/A,Algorithm implementation; tree traversal,YES,Visit nodes in order (left â†’ root â†’ right or root â†’ left â†’ right). Use recursion or stack
863,Find the container with the maximum volume of water.,ðŸ”´,N/A,N/A,N/A,Algorithm implementation; coding question,YES,"Greedy: pick best option at each step. Don't look back, just take what's best now"
864,Find the distance between two points in 3D space.,ðŸ”´,N/A,N/A,N/A,Algorithm implementation; math calculation,YES,"Understand the concept, break into steps, use appropriate data structure (hash map, array, tree, etc.)"
865,Find the dot product of two sparse vectors.,ðŸ”´,N/A,N/A,N/A,Algorithm implementation; coding question,YES,"Understand the concept, break into steps, use appropriate data structure (hash map, array, tree, etc.)"
866,Find the Duplicates,ðŸ”´,N/A,N/A,N/A,Algorithm implementation; coding question,YES,"Understand the concept, break into steps, use appropriate data structure (hash map, array, tree, etc.)"
867,"Find the element at a given position in a sorted version of an unsorted array. Example: Input: {5,1,7,19,0,16}, k=3 Output: 5 (Explanation: Sorted array is {0,1,5,7,16,19}, and the 3rd positioned e...",ðŸ”´,N/A,N/A,N/A,Algorithm implementation; coding question,YES,"Binary search: cut problem in half each time. Compare middle with target, eliminate half"
868,Find the equilibrium index in an array where sum of elements to the left is equal to sum of elements to the right.,ðŸ”´,N/A,N/A,N/A,Algorithm implementation; coding question,YES,"Use two pointers - one from left, one from right. Compare and move them toward each other"
869,Find the first common ancestor of two nodes in a binary tree.,ðŸ”´,N/A,N/A,N/A,Algorithm implementation; tree traversal,YES,Visit nodes in order (left â†’ root â†’ right or root â†’ left â†’ right). Use recursion or stack
870,Find the first missing positive number in an array.,ðŸ”´,N/A,N/A,N/A,Algorithm implementation; coding question,YES,"Loop through items, check conditions, collect results. Basic: for each item â†’ if condition â†’ act"
871,Find the largest perimeter of an island given a two-dimensional array of 1's and 0's representing land and water.,ðŸ”´,N/A,N/A,N/A,Algorithm implementation; graph problem,YES,"Graph = nodes connected by edges. Visit neighbors, mark visited. Use queue (BFS) or stack (DFS)"
872,Find the length of the shortest word ladder.,ðŸ”´,N/A,N/A,N/A,Algorithm implementation; graph problem,YES,"Use sliding window - expand right until condition met, then shrink left. Like a rubber band"
873,Find the longest common prefix given two integer arrays.,ðŸ”´,N/A,N/A,N/A,Algorithm implementation; coding question,YES,"Use sliding window - expand right until condition met, then shrink left. Like a rubber band"
874,Find the longest palindromic subsequence using dynamic programming.,ðŸ”´,N/A,N/A,N/A,Algorithm implementation; dynamic programming,YES,"Use sliding window - expand right until condition met, then shrink left. Like a rubber band"
875,Find the longest substring without repeating characters.,ðŸ”´,N/A,N/A,N/A,Algorithm implementation; coding question,YES,"Use sliding window - expand right until condition met, then shrink left. Like a rubber band"
876,Find the lowest common ancestor (LCA) of two nodes in a binary tree.,ðŸ”´,N/A,N/A,N/A,Algorithm implementation; tree traversal,YES,Visit nodes in order (left â†’ root â†’ right or root â†’ left â†’ right). Use recursion or stack
877,"Find the maximum possible stability of any subset of servers. Return the result modulo 10^9+7. E.g. Consider set of servers where reliability = [1, 2, 2], availability = [1, 1, 3].",ðŸ”´,N/A,N/A,N/A,Algorithm implementation; optimization problem,YES,"Greedy: pick best option at each step. Don't look back, just take what's best now"
878,Find the maximum product subarray in a given array.,ðŸ”´,N/A,N/A,N/A,Algorithm implementation; coding question,YES,"Use sliding window - expand right until condition met, then shrink left. Like a rubber band"
879,Find the maximum subarray product,ðŸ”´,N/A,N/A,N/A,Algorithm implementation; coding question,YES,"Use sliding window - expand right until condition met, then shrink left. Like a rubber band"
880,Find the maximum subarray sum.,ðŸ”´,N/A,N/A,N/A,Algorithm implementation; coding question,YES,"Use sliding window - expand right until condition met, then shrink left. Like a rubber band"
881,Find the median of two sorted arrays.,ðŸ”´,N/A,N/A,N/A,Algorithm implementation; coding question,YES,"Binary search: cut problem in half each time. Compare middle with target, eliminate half"
882,Find the minimum and maximum elements in an array using minimum comparisons.,ðŸ”´,N/A,N/A,N/A,Algorithm implementation; optimization,YES,"Greedy: pick best option at each step. Don't look back, just take what's best now"
883,Find the minimum characters to insert to make a string a palindrome.,ðŸ”´,N/A,N/A,N/A,Algorithm implementation; string manipulation,YES,"Use two pointers - one from left, one from right. Compare and move them toward each other"
884,Find the minimum window substring.,ðŸ”´,N/A,N/A,N/A,Algorithm implementation; sliding window,YES,"Use sliding window - expand right until condition met, then shrink left. Like a rubber band"
885,Find the number of rotations in a circularly sorted array.,ðŸ”´,N/A,N/A,N/A,Algorithm implementation; binary search,YES,"Binary search: cut problem in half each time. Compare middle with target, eliminate half"
887,Find the palindromes.,ðŸ”´,N/A,N/A,N/A,Algorithm implementation; string manipulation,YES,"Use two pointers - one from left, one from right. Compare and move them toward each other"
888,Find the shortest distance between two points.,ðŸ”´,N/A,N/A,N/A,Algorithm implementation; math calculation,YES,"Use sliding window - expand right until condition met, then shrink left. Like a rubber band"
889,Find the shortest path in a graph.,ðŸ”´,N/A,N/A,N/A,Algorithm implementation; graph algorithm,YES,"Use sliding window - expand right until condition met, then shrink left. Like a rubber band"
890,Find the shortest subsequence of a cyclic string S that contains all characters of a pattern k.,ðŸ”´,N/A,N/A,N/A,Algorithm implementation; string matching,YES,"Use sliding window - expand right until condition met, then shrink left. Like a rubber band"
891,"Find the sum of all elements in a binary tree that fall within the range [low, high], where 'low' and 'high' are integers.",ðŸ”´,N/A,N/A,N/A,Algorithm implementation; tree traversal,YES,Visit nodes in order (left â†’ root â†’ right or root â†’ left â†’ right). Use recursion or stack
892,Find the total number of unique paths in a maze from the source to the destination.,ðŸ”´,N/A,N/A,N/A,Algorithm implementation; dynamic programming,YES,"Understand the concept, break into steps, use appropriate data structure (hash map, array, tree, etc.)"
893,"For a dataset with a million data points, would you use a DNN or KNN? Why?",ðŸ”´,N/A,N/A,N/A,ML theory explanation; algorithm selection,NO,N/A - Too complex or not relevant
898,Generate Parentheses,ðŸ”´,N/A,N/A,N/A,Algorithm implementation; coding question,YES,"Use a stack - last opened must be first closed. Like stacking plates: last in, first out"
906,"Given 2 strings, return the longest common substring.",ðŸ”´,N/A,N/A,N/A,Algorithm implementation; coding question,YES,"Use sliding window - expand right until condition met, then shrink left. Like a rubber band"
907,"Given a biased coin function, write another function to make it return heads or tails with equal probability.",ðŸ”´,N/A,N/A,N/A,Algorithm implementation; coding question,YES,Probability = favorable outcomes / total outcomes. Calculate chance of something happening
908,"Given a binary array where an operation cycles a row's elements to the left or right, return the minimum number of operations needed to create a column of 1s. If not possible, return 0.",ðŸ”´,N/A,N/A,N/A,Algorithm implementation; coding question,YES,"Use two pointers - one from left, one from right. Compare and move them toward each other"
909,"Given a binary matrix with every row sorted, find the index of the row containing the most number of 1s.",ðŸ”´,N/A,N/A,N/A,Algorithm implementation; coding question,YES,"Arrange items in order. Compare pairs, swap if needed. Many ways: quick sort, merge sort"
910,"Given a binary tree, check if each node is the average of all descendants",ðŸ”´,N/A,N/A,N/A,Algorithm implementation; tree traversal,YES,Visit nodes in order (left â†’ root â†’ right or root â†’ left â†’ right). Use recursion or stack
912,"Given a castle with rooms named after flowers where each room has an instruction to the next room, write an algorithm to find the rooms containing treasure.",ðŸ”´,N/A,N/A,N/A,Algorithm implementation; graph traversal,YES,"Understand the concept, break into steps, use appropriate data structure (hash map, array, tree, etc.)"
913,"Given a Directed Acyclic Graph (DAG), write a function to return the length of the longest path.",ðŸ”´,N/A,N/A,N/A,Algorithm implementation; graph algorithm,YES,"Use sliding window - expand right until condition met, then shrink left. Like a rubber band"
914,"Given a factory represented as a 2D grid with some cells blocked and some containing robots, determine if the robots can collectively reach all unblocked cells.",ðŸ”´,N/A,N/A,N/A,Algorithm implementation; graph problem,YES,"Understand the concept, break into steps, use appropriate data structure (hash map, array, tree, etc.)"
916,"Given a fully or partially attempted 9x9 Sudoku board, determine if it is a valid solution.",ðŸ”´,N/A,N/A,N/A,Algorithm implementation; constraint satisfaction,YES,"Understand the concept, break into steps, use appropriate data structure (hash map, array, tree, etc.)"
917,"Given a graph with N nodes and M edges, identify its network topology. Return 1 for Bus (linear chain), 2 for Star (one central node), 3 for Ring (circular), or -1 if none match.",ðŸ”´,N/A,N/A,N/A,Algorithm implementation; graph analysis,YES,"Graph = nodes connected by edges. Visit neighbors, mark visited. Use queue (BFS) or stack (DFS)"
918,"Given a head node of a linked list, delete k-th node from the end of the list.",ðŸ”´,N/A,N/A,N/A,Algorithm implementation; linked list,YES,"Chain of nodes. Each node points to next. Easy to add/remove, but must traverse to find"
919,"Given a hierarchical file system with inherited and overridden permissions, write a function to determine whether a user has access to a file at a specific time.",ðŸ”´,N/A,N/A,N/A,Algorithm implementation; access control,YES,"Understand the concept, break into steps, use appropriate data structure (hash map, array, tree, etc.)"
920,"Given a large n-ary tree where the root node can pass information to one child per iteration, and in subsequent iterations, nodes can pass information to one child while the root continues with oth...",ðŸ”´,N/A,N/A,N/A,Algorithm implementation; tree traversal,YES,Visit nodes in order (left â†’ root â†’ right or root â†’ left â†’ right). Use recursion or stack
922,"Given a large, partially implemented LLM/agentic codebase, identify the intended behavior and implement a missing function by reading and reasoning through the existing code, without explicit test ...",ðŸ”´,N/A,N/A,N/A,Algorithm implementation; coding question,YES,Break into steps. Identify data structures needed. Write functions for each operation
923,"Given a list of car rental requests with start and end times, assign cars to rentals such that the total number of cars used is minimized.",ðŸ”´,N/A,N/A,N/A,Algorithm implementation; interval scheduling,YES,"Understand the concept, break into steps, use appropriate data structure (hash map, array, tree, etc.)"
924,"Given a list of conversion items between symbols, write an algorithm to return the conversion ratio for each pair of symbols.",ðŸ”´,N/A,N/A,N/A,Algorithm implementation; graph problem,YES,"Understand the concept, break into steps, use appropriate data structure (hash map, array, tree, etc.)"
925,"Given a list of integers, return 1 if the integer is a power of 2 and 0 if it is not.",ðŸ”´,N/A,N/A,N/A,Algorithm implementation; bit manipulation,YES,"Understand the concept, break into steps, use appropriate data structure (hash map, array, tree, etc.)"
926,"Given a list of items with different sizes, write an algorithm to pack these items into the minimum number of batches without exceeding the capacity of each batch.",ðŸ”´,N/A,N/A,N/A,Algorithm implementation; bin packing,YES,"Greedy: pick best option at each step. Don't look back, just take what's best now"
927,"Given a list of lexicographically sorted strings in an unknown language, derive the correct order of letters in that language's alphabet.",ðŸ”´,N/A,N/A,N/A,Algorithm implementation; topological sort,YES,"Graph = nodes connected by edges. Visit neighbors, mark visited. Use queue (BFS) or stack (DFS)"
928,"Given a list of Nodes, each with a unique string id and a list of subnodes it depends on, find the maximum depth of the dependencies.",ðŸ”´,N/A,N/A,N/A,Algorithm implementation; tree/graph depth,YES,"Greedy: pick best option at each step. Don't look back, just take what's best now"
929,"Given a list of numbers, find the median without sorting the entire list. Hint: Use quick sort algorithm.",ðŸ”´,N/A,N/A,N/A,Algorithm implementation; selection algorithm,YES,"Arrange items in order. Compare pairs, swap if needed. Many ways: quick sort, merge sort"
930,"Given a list of sentences, find the top n most frequent words.",ðŸ”´,N/A,N/A,N/A,Algorithm implementation; frequency counting,YES,Count how many times each thing appears. Use hash map: thing â†’ count++. Then find the biggest counts
931,"Given a list of strings, find all strings that encode to the same value using a Caesar Cipher. (A Caesar Cipher rotates characters, e.g. in CC3: a->d, b->e, ..., z->c)",ðŸ”´,N/A,N/A,N/A,Algorithm implementation; string manipulation,YES,"Work with text. Compare characters, find patterns, extract parts"
932,"Given a list of transactions between friends, return the minimum number of transactions required to settle the debts. For e.g. Alice gave $5 to Bob and Bob gave $5 to Bill. Answer will be 1.",ðŸ”´,N/A,N/A,N/A,Algorithm implementation; graph optimization,YES,"Greedy: pick best option at each step. Don't look back, just take what's best now"
933,"Given a list of words, find the number of prefix pairs, i.e. pairs i, j where words[i] == words[j] or words[i].startswith(words[j]) or words[j].startswith(words[i]).",ðŸ”´,N/A,N/A,N/A,Algorithm implementation; string matching,YES,"Understand the concept, break into steps, use appropriate data structure (hash map, array, tree, etc.)"
935,"Given a matrix of m x n elements (m rows, n columns), return all elements of the matrix in clockwise spiral order.",ðŸ”´,N/A,N/A,N/A,Algorithm implementation; matrix traversal,YES,"Understand the concept, break into steps, use appropriate data structure (hash map, array, tree, etc.)"
936,"Given a matrix with a rat, bread, cat, and obstacles, find a path from the rat to the bread that maximizes the minimum distance from cat.",ðŸ”´,N/A,N/A,N/A,Algorithm implementation; pathfinding,YES,Visit nodes in order (left â†’ root â†’ right or root â†’ left â†’ right). Use recursion or stack
937,"Given a nested merchandise catalog dictionary, extract attributes for a specific item and traverse related items recursively to build the full relationship tree.",ðŸ”´,N/A,N/A,N/A,Algorithm implementation; tree traversal,YES,Use a lookup table - store things by name so you can find them instantly. Like a phone book: name â†’ number
938,"Given a sequence of credit issuance and usage events, where credits may expire or have usage constraints, write a function to translate the list into the user's remaining credit pool and total avai...",ðŸ”´,N/A,N/A,N/A,Algorithm implementation; state machine,YES,"Understand the concept, break into steps, use appropriate data structure (hash map, array, tree, etc.)"
939,"Given a sorted array of integers (which may include negatives), return the squares of the numbers in sorted order. As a follow-up, find the k-th smallest squared value.",ðŸ”´,N/A,N/A,N/A,Algorithm implementation; array manipulation,YES,"Binary search: cut problem in half each time. Compare middle with target, eliminate half"
940,"Given a string of parentheses types and an array of their efficiency ratings, write a function to find the most efficient valid parentheses sequence that can be formed. Return its total efficiency ...",ðŸ”´,N/A,N/A,N/A,Algorithm implementation; dynamic programming,YES,"Use a stack - last opened must be first closed. Like stacking plates: last in, first out"
941,"Given a string S, determine if it can be converted into a palindrome by making at most one swap of two characters.",ðŸ”´,N/A,N/A,N/A,Algorithm implementation; string manipulation,YES,"Use two pointers - one from left, one from right. Compare and move them toward each other"
943,"Given a string with parentheses, write a function that removes the minimum number of characters to balance the parentheses.",ðŸ”´,N/A,N/A,N/A,Algorithm implementation; string manipulation,YES,"Use a stack - last opened must be first closed. Like stacking plates: last in, first out"
944,"Given a string, return the number of palindromic substrings in it.",ðŸ”´,N/A,N/A,N/A,Algorithm implementation; string manipulation,YES,"Use sliding window - expand right until condition met, then shrink left. Like a rubber band"
945,"Given a string, return the number of vowel substrings ('a', 'e', 'i', 'o', 'u') that include all five vowels.",ðŸ”´,N/A,N/A,N/A,Algorithm implementation; string matching,YES,"Use sliding window - expand right until condition met, then shrink left. Like a rubber band"
946,"Given an array 'nums' with n distinct numbers in the range [0, n], return the only number in the range that is missing from the array.",ðŸ”´,N/A,N/A,N/A,Algorithm implementation; array manipulation,YES,"Loop through items, check conditions, collect results. Basic: for each item â†’ if condition â†’ act"
947,"Given an array of children's ratings, assign at least one candy to each child so that higher-rated children get more than their neighbors, and return the minimum total candies needed.",ðŸ”´,N/A,N/A,N/A,Algorithm implementation; greedy algorithm,YES,"Greedy: pick best option at each step. Don't look back, just take what's best now"
948,"Given an array of integers and a number N, find the length of the longest contiguous subarray such that the difference between any two elements in the subarray is less than N.",ðŸ”´,N/A,N/A,N/A,Algorithm implementation; sliding window,YES,"Use sliding window - expand right until condition met, then shrink left. Like a rubber band"
949,"Given an array of integers and an integer k, find the kth largest element in the array.",ðŸ”´,N/A,N/A,N/A,Algorithm implementation; selection algorithm,YES,"Loop through items, check conditions, collect results. Basic: for each item â†’ if condition â†’ act"
950,"Given an array of integers, find a tuple of three integers that can form a triangle.",ðŸ”´,N/A,N/A,N/A,Algorithm implementation; array manipulation,YES,"Loop through items, check conditions, collect results. Basic: for each item â†’ if condition â†’ act"
951,"Given an array of integers, find the next greater integer for each element in the array.",ðŸ”´,N/A,N/A,N/A,Algorithm implementation; stack,YES,Use a stack to remember previous numbers. Compare current with top of stack
952,"Given an array of integers, return the pairs with the minimum absolute difference between them.",ðŸ”´,N/A,N/A,N/A,Algorithm implementation; array manipulation,YES,"Greedy: pick best option at each step. Don't look back, just take what's best now"
953,"Given an array of n integers and a number k, find the maximum number of elements whose sum is less than k, and return their sum.",ðŸ”´,N/A,N/A,N/A,Algorithm implementation; subset sum,YES,"Greedy: pick best option at each step. Don't look back, just take what's best now"
954,"Given an array of numbers where every number occurs twice except one, how would you find the unique number in O(log n) time?",ðŸ”´,N/A,N/A,N/A,Algorithm implementation; bit manipulation,YES,"Loop through items, check conditions, collect results. Basic: for each item â†’ if condition â†’ act"
955,"Given an array of points and a point P, find the k closest points to P.",ðŸ”´,N/A,N/A,N/A,Algorithm implementation; geometric algorithm,YES,"Binary search: cut problem in half each time. Compare middle with target, eliminate half"
956,"Given an array of points on a plane (x,y), write a function to return the distance between the closest pair of points.",ðŸ”´,N/A,N/A,N/A,Algorithm implementation; geometric algorithm,YES,"Binary search: cut problem in half each time. Compare middle with target, eliminate half"
957,"Given an array of task durations (in minutes), return the pairs of tasks that can be completed within 60 minutes. For example, for [1, 43, 20, 59, 30, 30], return [[0, 3], [4, 5]].",ðŸ”´,N/A,N/A,N/A,Algorithm implementation; array manipulation,YES,"Loop through items, check conditions, collect results. Basic: for each item â†’ if condition â†’ act"
958,"Given an array representing the height of buildings from a sea beach, return an array of heights of the buildings that have a sea view.",ðŸ”´,N/A,N/A,N/A,Algorithm implementation; array manipulation,YES,"Loop through items, check conditions, collect results. Basic: for each item â†’ if condition â†’ act"
959,"Given an array with objects colored red, white, or blue, sort them so those of the same color are adjacent. Use integers 0, 1, 2 to represent RWB respectively.",ðŸ”´,N/A,N/A,N/A,Algorithm implementation; sorting,YES,"Arrange items in order. Compare pairs, swap if needed. Many ways: quick sort, merge sort"
960,"Given an array, find the two sum.",ðŸ”´,N/A,N/A,N/A,Algorithm implementation; hash map,YES,"Use hash map: for each number, check if (target - number) exists. Like: I need 10, I have 7, do I have 3?"
961,"Given an array, print the Next Greater Element (NGE) for each element. The NGE for an element x is the first greater element on the right side of x in the array, or -1 if none exists.",ðŸ”´,N/A,N/A,N/A,Algorithm implementation; stack,YES,Use a stack to remember previous numbers. Compare current with top of stack
962,"Given an integer array nums and an integer k, return true if nums has a subarray of at least two elements whose sum is a multiple of k.",ðŸ”´,N/A,N/A,N/A,Algorithm implementation; prefix sum,YES,"Use sliding window - expand right until condition met, then shrink left. Like a rubber band"
963,"Given an integer n, return the number of steps to reach 1 following these rules: if n is even, divide by 2; if odd, multiply by 3 and add 1.",ðŸ”´,N/A,N/A,N/A,Algorithm implementation; math sequence,YES,"Understand the concept, break into steps, use appropriate data structure (hash map, array, tree, etc.)"
964,"Given an integer, reverse it. Integers are within range [-2^15, 2^15 - 1].",ðŸ”´,N/A,N/A,N/A,Algorithm implementation; number manipulation,YES,"Use two pointers - one from left, one from right. Compare and move them toward each other"
965,"Given an m x n grid of characters board and a string word, return true if word exists in the grid.",ðŸ”´,N/A,N/A,N/A,Algorithm implementation; backtracking,YES,"Work with text. Compare characters, find patterns, extract parts"
966,"Given an nxn grid of 1s and 0s, return the number of islands in the input.",ðŸ”´,N/A,N/A,N/A,Algorithm implementation; graph traversal,YES,"Graph = nodes connected by edges. Visit neighbors, mark visited. Use queue (BFS) or stack (DFS)"
967,"Given an unsorted array, find duplicate elements in constant time, without using inbuilt functions of python.",ðŸ”´,N/A,N/A,N/A,Algorithm implementation; hash set,YES,"Use a hash map to remember what you've seen before. Check each item: have I seen this? If yes, it's a duplicate"
971,"Given imbalanced training data, how do you prevent overfitting?",ðŸ”´,N/A,N/A,N/A,ML theory explanation; model training,YES,"Use a stack - last opened must be first closed. Like stacking plates: last in, first out"
972,"Given n employees and an expansion rate r, find the number of employees after t years.",ðŸ”´,N/A,N/A,N/A,Math calculation; exponential growth,NO,N/A - Too complex or not relevant
973,"Given n houses in a line with money in each, find the maximum amount a robber can steal, without stealing from two adjacent houses.",ðŸ”´,N/A,N/A,N/A,Algorithm implementation; dynamic programming,YES,"Greedy: pick best option at each step. Don't look back, just take what's best now"
974,"Given positions of N kids and M ice cream sellers on a 1D line, find the smallest distance E such that every kid lies within the range [P - E, P + E] of at least one seller.",ðŸ”´,N/A,N/A,N/A,Algorithm implementation; binary search,YES,"Understand the concept, break into steps, use appropriate data structure (hash map, array, tree, etc.)"
976,"Given stock prices for the next n days, how can you maximize your profit by buying or selling one share per day?",ðŸ”´,N/A,N/A,N/A,Algorithm implementation; dynamic programming,YES,"Understand the concept, break into steps, use appropriate data structure (hash map, array, tree, etc.)"
978,"Given the head of two singly linked lists, write a function to return the point where they intersect (if any).",ðŸ”´,N/A,N/A,N/A,Algorithm implementation; linked list,YES,"Chain of nodes. Each node points to next. Easy to add/remove, but must traverse to find"
981,"Given the root of a binary tree of integers, return the maximum path sum.",ðŸ”´,N/A,N/A,N/A,Algorithm implementation; tree traversal,YES,Visit nodes in order (left â†’ root â†’ right or root â†’ left â†’ right). Use recursion or stack
982,"Given the root of a binary tree, return the length of the diameter of the tree.",ðŸ”´,N/A,N/A,N/A,Algorithm implementation; tree traversal,YES,Visit nodes in order (left â†’ root â†’ right or root â†’ left â†’ right). Use recursion or stack
983,"Given the root of a binary tree, return the vertical order traversal of its node values from top to bottom, column by column. Nodes in the same row and column should be ordered left to right.",ðŸ”´,N/A,N/A,N/A,Algorithm implementation; tree traversal,YES,"Use two pointers - one from left, one from right. Compare and move them toward each other"
984,"Given the row and column, return the value at that position in Pascal's triangle.",ðŸ”´,N/A,N/A,N/A,Algorithm implementation; math calculation,YES,"Understand the concept, break into steps, use appropriate data structure (hash map, array, tree, etc.)"
986,"Given two dates, return the number of days between them.",ðŸ”´,N/A,N/A,N/A,Algorithm implementation; date calculation,YES,"Understand the concept, break into steps, use appropriate data structure (hash map, array, tree, etc.)"
987,"Given two empty jugs with capacities a and b liters and an infinite water supply, determine a way to end up with exactly X liters of water.",ðŸ”´,N/A,N/A,N/A,Algorithm implementation; graph problem,YES,"Understand the concept, break into steps, use appropriate data structure (hash map, array, tree, etc.)"
988,"Given two integers represented by two arrays, return the product of the two integers in the same array format.",ðŸ”´,N/A,N/A,N/A,Algorithm implementation; big integer,YES,"Loop through items, check conditions, collect results. Basic: for each item â†’ if condition â†’ act"
989,"Given two strings (Word 1 and Word 2) and a list of valid words from a dictionary, return the minimum number of operations required to convert Word 1 to Word 2.",ðŸ”´,N/A,N/A,N/A,Algorithm implementation; edit distance,YES,Use a lookup table - store things by name so you can find them instantly. Like a phone book: name â†’ number
990,"Given two strings of equal length, determine if it's possible to form a palindrome by cutting them in half.",ðŸ”´,N/A,N/A,N/A,Algorithm implementation; string manipulation,YES,"Use two pointers - one from left, one from right. Compare and move them toward each other"
999,Group anagrams,ðŸ”´,N/A,N/A,N/A,Algorithm implementation; string manipulation,YES,"Group words that have same letters. Sort letters of each word, use that as key in hash map"
1028,How can you tell if a graph is not a tree?,ðŸ”´,N/A,N/A,N/A,Graph theory; algorithm question,YES,Visit nodes in order (left â†’ root â†’ right or root â†’ left â†’ right). Use recursion or stack
1039,How do convolutional neural networks (CNNs) differ from traditional neural networks in processing image data?,ðŸ”´,N/A,N/A,N/A,ML theory explanation; neural networks,YES,CNN = good for images (spatial patterns). RNN = good for sequences (time patterns)
1043,How do you adjust the creativity of generative AI models?,ðŸ”´,N/A,N/A,N/A,ML theory explanation; model tuning,NO,N/A - Too complex or not relevant
1049,How do you avoid overfitting a model?,ðŸ”´,N/A,N/A,N/A,ML theory explanation; model training,YES,"Model memorizes training data too well, fails on new data. Fix: more data, simpler model, regularization"
1060,How do you choose a loss function for a machine learning problem?,ðŸ”´,N/A,N/A,N/A,ML theory explanation; model selection,NO,N/A - Too complex or not relevant
1080,How do you detect balanced parentheses in a string using Python?,ðŸ”´,N/A,N/A,N/A,Algorithm implementation; coding question,YES,"Use a stack - last opened must be first closed. Like stacking plates: last in, first out"
1107,How do you handle imbalanced data?,ðŸ”´,N/A,N/A,N/A,ML theory explanation; data preprocessing,NO,N/A - Too complex or not relevant
1145,How do you select input for modeling if there are features highly correlated with each other?,ðŸ”´,N/A,N/A,N/A,ML theory explanation; feature selection,NO,N/A - Too complex or not relevant
1146,How do you select the value of 'k' in the k-means algorithm?,ðŸ”´,N/A,N/A,N/A,ML theory explanation; clustering,NO,N/A - Too complex or not relevant
1155,How do you test your machine learning models for production?,ðŸ”´,N/A,N/A,N/A,ML theory explanation; model testing,NO,N/A - Too complex or not relevant
1158,How do you troubleshoot bugs in your code?,ðŸ”´,N/A,N/A,N/A,Technical debugging; coding question,NO,N/A - Too complex or not relevant
1163,How does a graphics processing unit (GPU) work?,ðŸ”´,N/A,N/A,N/A,Technical explanation; hardware,NO,N/A - Too complex or not relevant
1179,How is gradient descent and model optimization used in linear regression?,ðŸ”´,N/A,N/A,N/A,ML theory explanation; optimization,NO,N/A - Too complex or not relevant
1180,How is object-oriented programming (OOP) different from procedural programming?,ðŸ”´,N/A,N/A,N/A,Programming concept; OOP,NO,N/A - Too complex or not relevant
1181,How long would 100 cars stopped at a traffic light take to all pass the light?,ðŸ”´,N/A,N/A,N/A,Math estimation; brain teaser,NO,N/A - Too complex or not relevant
1182,How long would it take to fill an Olympic swimming pool with water from a garden hose?,ðŸ”´,N/A,N/A,N/A,Math estimation; brain teaser,NO,N/A - Too complex or not relevant
1186,How many bottles of wine are opened per day?,ðŸ”´,N/A,N/A,N/A,Math estimation; brain teaser,NO,N/A - Too complex or not relevant
1187,How many breaths do we take each day?,ðŸ”´,N/A,N/A,N/A,Math estimation; brain teaser,NO,N/A - Too complex or not relevant
1189,How many chickens are there in the world?,ðŸ”´,N/A,N/A,N/A,Math estimation; brain teaser,NO,N/A - Too complex or not relevant
1193,How many grains of rice are in a 10kg bag?,ðŸ”´,N/A,N/A,N/A,Math calculation; brain teaser,NO,N/A - Too complex or not relevant
1196,How many lane divider stripes are there on the German autobahn?,ðŸ”´,N/A,N/A,N/A,Math estimation; brain teaser,NO,N/A - Too complex or not relevant
1198,How many pairs of shoes do we own in our lifetime?,ðŸ”´,N/A,N/A,N/A,Math estimation; brain teaser,NO,N/A - Too complex or not relevant
1199,How many parking spots are there in San Francisco?,ðŸ”´,N/A,N/A,N/A,Math estimation; brain teaser,NO,N/A - Too complex or not relevant
1203,How many ping pong balls can fit in a helicopter?,ðŸ”´,N/A,N/A,N/A,Math estimation; brain teaser,NO,N/A - Too complex or not relevant
1204,How many ping pong balls fit in a helicopter?,ðŸ”´,N/A,N/A,N/A,Math estimation; brain teaser,NO,N/A - Too complex or not relevant
1207,How many tennis balls can fit in an airplane?,ðŸ”´,N/A,N/A,N/A,Math estimation; brain teaser,NO,N/A - Too complex or not relevant
1209,How many weddings does someone attend in their life?,ðŸ”´,N/A,N/A,N/A,Math estimation; brain teaser,NO,N/A - Too complex or not relevant
1210,How many weddings does the average American attend in their lifetime?,ðŸ”´,N/A,N/A,N/A,Math estimation; brain teaser,NO,N/A - Too complex or not relevant
1211,How many windows do you estimate exist in Tehran?,ðŸ”´,N/A,N/A,N/A,Math estimation; brain teaser,YES,"Break into parts, estimate each, multiply. Show your thinking: assumptions â†’ calculations â†’ answer"
1216,How much laundry detergent is used globally each year?,ðŸ”´,N/A,N/A,N/A,Math estimation; brain teaser,NO,N/A - Too complex or not relevant
1217,"How much oil, in barrels per year, does the United States import?",ðŸ”´,N/A,N/A,N/A,Math estimation; brain teaser,NO,N/A - Too complex or not relevant
1219,How much time does a person spend at a traffic intersection during their lifetime?,ðŸ”´,N/A,N/A,N/A,Math estimation; brain teaser,NO,N/A - Too complex or not relevant
1237,How would you adapt a generative AI model to perform well in a specific domain?,ðŸ”´,N/A,N/A,N/A,ML implementation; technical question,YES,"Understand the concept, break into steps, use appropriate data structure (hash map, array, tree, etc.)"
1269,How would you build an object detection system to identify and locate flowers in images?,ðŸ”´,N/A,N/A,N/A,ML implementation; computer vision,YES,Break into steps. Identify data structures needed. Write functions for each operation
1275,How would you code an app that displays the weekly lunch menu?,ðŸ”´,N/A,N/A,N/A,Coding implementation; programming question,YES,"Understand the concept, break into steps, use appropriate data structure (hash map, array, tree, etc.)"
1282,How would you create a carousel using vanilla JavaScript?,ðŸ”´,N/A,N/A,N/A,Coding implementation; programming question,YES,Break into steps. Identify data structures needed. Write functions for each operation
1291,How would you define human agency?,ðŸ”´,N/A,N/A,N/A,Philosophical question; abstract concept,NO,N/A - Too complex or not relevant
1307,How would you design an effective chunking strategy for information in a RAG (Retrieval-Augmented Generation) system?,ðŸ”´,N/A,N/A,N/A,ML implementation; technical question,YES,Tree for strings. Each level = one character. Fast prefix search
1309,How would you design or implement memory in an AI agent?,ðŸ”´,N/A,N/A,N/A,ML implementation; technical question,YES,Break into steps. Identify data structures needed. Write functions for each operation
1313,How would you detect fake reviews using machine learning?,ðŸ”´,N/A,N/A,N/A,ML implementation; technical question,YES,"Understand the concept, break into steps, use appropriate data structure (hash map, array, tree, etc.)"
1319,"How would you determine the right criteria for when to forget outdated data, update the model, and evaluate performance?",ðŸ”´,N/A,N/A,N/A,ML implementation; technical question,YES,"Use two pointers - one from left, one from right. Compare and move them toward each other"
1329,How would you efficiently sort a list of numbers?,ðŸ”´,N/A,N/A,N/A,Algorithm implementation; coding question,YES,"Arrange items in order. Compare pairs, swap if needed. Many ways: quick sort, merge sort"
1330,How would you efficiently sum up a massive number of integers?,ðŸ”´,N/A,N/A,N/A,Algorithm implementation; coding question,YES,"Understand the concept, break into steps, use appropriate data structure (hash map, array, tree, etc.)"
1372,How would you handle hallucinations in a generative AI model deployed to users?,ðŸ”´,N/A,N/A,N/A,ML implementation; technical question,YES,"Understand the concept, break into steps, use appropriate data structure (hash map, array, tree, etc.)"
1380,How would you implement a child-parent relation for finding the Least Common Ancestor (LCA) without using pointers?,ðŸ”´,N/A,N/A,N/A,Algorithm implementation; coding question,YES,Visit nodes in order (left â†’ root â†’ right or root â†’ left â†’ right). Use recursion or stack
1527,How would you predict delivery times given a dataset of past deliveries?,ðŸ”´,N/A,N/A,N/A,ML implementation; prediction model,YES,"Understand the concept, break into steps, use appropriate data structure (hash map, array, tree, etc.)"
1575,How would you train a model on a large dataset with few labels?,ðŸ”´,N/A,N/A,N/A,ML implementation; technical question,YES,"Understand the concept, break into steps, use appropriate data structure (hash map, array, tree, etc.)"
1576,How would you transport 10 kids to school within a limited timeframe?,ðŸ”´,N/A,N/A,N/A,Math/logic puzzle; brain teaser,NO,N/A - Too complex or not relevant
1585,"Hypothesis Testing: Suppose a PM claims that users, on average, spend about $50 per month on Amazon. However, you doubt this claim and believe the average should be higher. You sample 100 users and...",ðŸ”´,N/A,N/A,N/A,Statistical hypothesis testing; math question,NO,N/A - Too complex or not relevant
1589,"If a + b + c + d = 63, what's the maximum value of a * b + b * c + c * d?",ðŸ”´,N/A,N/A,N/A,Math optimization; brain teaser,NO,N/A - Too complex or not relevant
1593,"If a vulture's head size were to double, what impact would this have on its survival and adaptation? Use root cause analysis (RCA) to explain.",ðŸ”´,N/A,N/A,N/A,Hypothetical biology; brain teaser,NO,N/A - Too complex or not relevant
1600,"If GPU utilization is low during training, how would you debug and benchmark performance?",ðŸ”´,N/A,N/A,N/A,ML debugging; technical question,NO,N/A - Too complex or not relevant
1601,If I know coding.,ðŸ”´,N/A,N/A,N/A,Incomplete question; unclear,NO,N/A - Too complex or not relevant
1611,"If you could float on water, like a boat, what would you be and why?",ðŸ”´,N/A,N/A,N/A,Creative/abstract question; brain teaser,NO,N/A - Too complex or not relevant
1612,"If you could go to anywhere in the world, where would you go?",ðŸ”´,N/A,N/A,N/A,Personal question; not relevant,NO,N/A - Too complex or not relevant
1615,"If you discovered that your model was exposing sensitive data from its training set, what would you do next?",ðŸ”´,N/A,N/A,N/A,ML security; technical question,NO,N/A - Too complex or not relevant
1633,"If you were to eliminate one USD bill, which would it be and why?",ðŸ”´,N/A,N/A,N/A,Hypothetical policy; brain teaser,NO,N/A - Too complex or not relevant
1653,"Imagine you're part of a team deploying a conversational AI model that can reason across sensitive topics. During internal testing, you discovered that the model usually gives overly confident but ...",ðŸ”´,N/A,N/A,N/A,ML safety; technical question,NO,N/A - Too complex or not relevant
1655,Implement a circular buffer.,ðŸ”´,N/A,N/A,N/A,Coding implementation; algorithm,YES,Break into steps. Identify data structures needed. Write functions for each operation
1656,Implement a decode and encode function of a general N-ary tree.,ðŸ”´,N/A,N/A,N/A,Coding implementation; algorithm,YES,Visit nodes in order (left â†’ root â†’ right or root â†’ left â†’ right). Use recursion or stack
1657,Implement a doubly linked list.,ðŸ”´,N/A,N/A,N/A,Coding implementation; algorithm,YES,"Chain of nodes. Each node points to next. Easy to add/remove, but must traverse to find"
1658,Implement a function to find the minimum number of dice rolls needed to reach the end in a Snakes and Ladders game.,ðŸ”´,N/A,N/A,N/A,Coding implementation; algorithm,YES,"Greedy: pick best option at each step. Don't look back, just take what's best now"
1659,Implement a function to justify a list of words within a given width.,ðŸ”´,N/A,N/A,N/A,Coding implementation; algorithm,YES,Break into steps. Identify data structures needed. Write functions for each operation
1660,Implement a function to traverse cell dependencies in an Excel-like spreadsheet and detect circular references between cells.,ðŸ”´,N/A,N/A,N/A,Coding implementation; algorithm,YES,Break into steps. Identify data structures needed. Write functions for each operation
1661,Implement a hashmap without using any libraries.,ðŸ”´,N/A,N/A,N/A,Coding implementation; algorithm,YES,Use a lookup table - store things by name so you can find them instantly. Like a phone book: name â†’ number
1662,Implement a JavaScript function for Promise.all().,ðŸ”´,N/A,N/A,N/A,Coding implementation; algorithm,YES,Break into steps. Identify data structures needed. Write functions for each operation
1663,Implement a k-nearest neighbors algorithm.,ðŸ”´,N/A,N/A,N/A,ML implementation; algorithm,YES,Break into steps. Identify data structures needed. Write functions for each operation
1664,Implement a phrase search in a list of documents.,ðŸ”´,N/A,N/A,N/A,Coding implementation; algorithm,YES,Break into steps. Identify data structures needed. Write functions for each operation
1665,Implement a queue using stacks.,ðŸ”´,N/A,N/A,N/A,Coding implementation; algorithm,YES,"First in, first out. Like a line: first person in line is first served"
1666,Implement a red-black tree.,ðŸ”´,N/A,N/A,N/A,Coding implementation; algorithm,NO,N/A - Too complex or not relevant
1667,Implement a search algorithm for multiple records using backtracking.,ðŸ”´,N/A,N/A,N/A,Coding implementation; algorithm,YES,"Try a path, if it fails, go back and try another. Like solving a maze"
1668,Implement a SQL parser that converts raw SQL strings into programming objects or ORM primitives.,ðŸ”´,N/A,N/A,N/A,Coding implementation; algorithm,NO,N/A - Too complex or not relevant
1669,"Implement a string sorting algorithm, treating digits as numbers.",ðŸ”´,N/A,N/A,N/A,Coding implementation; algorithm,YES,"Arrange items in order. Compare pairs, swap if needed. Many ways: quick sort, merge sort"
1670,Implement an in-place merge of two sorted arrays.,ðŸ”´,N/A,N/A,N/A,Coding implementation; algorithm,YES,"Binary search: cut problem in half each time. Compare middle with target, eliminate half"
1671,"Implement an iterator class that supports next, hasNext, getState, and setState, then extend it to treat a list of iterators as one continuous iterator with a global index.",ðŸ”´,N/A,N/A,N/A,Coding implementation; algorithm,YES,Break into steps. Identify data structures needed. Write functions for each operation
1672,Implement an LRU cache with serialization and evolving constraints.,ðŸ”´,N/A,N/A,N/A,Coding implementation; algorithm,YES,Break into steps. Identify data structures needed. Write functions for each operation
1673,Implement inorder traversal for an N-ary tree.,ðŸ”´,N/A,N/A,N/A,Coding implementation; algorithm,YES,Visit nodes in order (left â†’ root â†’ right or root â†’ left â†’ right). Use recursion or stack
1674,Implement k-means clustering.,ðŸ”´,N/A,N/A,N/A,ML implementation; algorithm,YES,Break into steps. Identify data structures needed. Write functions for each operation
1675,Implement LRU Cache.,ðŸ”´,N/A,N/A,N/A,Coding implementation; algorithm,YES,Break into steps. Identify data structures needed. Write functions for each operation
1676,Implement merge-sort,ðŸ”´,N/A,N/A,N/A,Coding implementation; algorithm,YES,"Arrange items in order. Compare pairs, swap if needed. Many ways: quick sort, merge sort"
1677,Implement the memcpy() function in C.,ðŸ”´,N/A,N/A,N/A,Coding implementation; algorithm,YES,Break into steps. Identify data structures needed. Write functions for each operation
1678,Implement the power function without using pow method or or exponentiation operator.,ðŸ”´,N/A,N/A,N/A,Coding implementation; algorithm,YES,Break into steps. Identify data structures needed. Write functions for each operation
1679,Implement Trie,ðŸ”´,N/A,N/A,N/A,Coding implementation; algorithm,YES,Tree for strings. Each level = one character. Fast prefix search
1680,Implement wildcard pattern matching for a string (s) and a pattern (p) with '?' and '*' in a way that covers the entire input string.,ðŸ”´,N/A,N/A,N/A,Coding implementation; algorithm,YES,"Work with text. Compare characters, find patterns, extract parts"
1681,"Improve a given system with your specialization: recommendations, natural language processing, or computer vision.",ðŸ”´,N/A,N/A,N/A,ML implementation; technical question,YES,"Understand the concept, break into steps, use appropriate data structure (hash map, array, tree, etc.)"
1697,"In the transformer architecture, what makes the decoder different from the encoder?",ðŸ”´,N/A,N/A,N/A,ML theory; technical question,NO,N/A - Too complex or not relevant
1698,In what cases should you use the median instead of the mean?,ðŸ”´,N/A,N/A,N/A,Statistics theory; math question,NO,N/A - Too complex or not relevant
1704,Invert binary tree.,ðŸ”´,N/A,N/A,N/A,Coding implementation; algorithm,YES,Visit nodes in order (left â†’ root â†’ right or root â†’ left â†’ right). Use recursion or stack
1708,Is this a valid palindrome?,ðŸ”´,N/A,N/A,N/A,Coding implementation; algorithm,YES,"Use two pointers - one from left, one from right. Compare and move them toward each other"
1710,Koko eating bananas.,ðŸ”´,N/A,N/A,N/A,Coding implementation; algorithm,YES,"Understand the concept, break into steps, use appropriate data structure (hash map, array, tree, etc.)"
1712,Lexicographic Grid Travel.,ðŸ”´,N/A,N/A,N/A,Coding implementation; algorithm,YES,"Graph = nodes connected by edges. Visit neighbors, mark visited. Use queue (BFS) or stack (DFS)"
1713,Linked List Cycle,ðŸ”´,N/A,N/A,N/A,Coding implementation; algorithm,YES,"Chain of nodes. Each node points to next. Easy to add/remove, but must traverse to find"
1725,Longest Increasing Subsequence,ðŸ”´,N/A,N/A,N/A,Coding implementation; algorithm,YES,"Use sliding window - expand right until condition met, then shrink left. Like a rubber band"
1730,Maximum Number of Non-Overlapping Substrings,ðŸ”´,N/A,N/A,N/A,Coding implementation; algorithm,YES,"Use sliding window - expand right until condition met, then shrink left. Like a rubber band"
1731,Maximum Number of Visible Points,ðŸ”´,N/A,N/A,N/A,Coding implementation; algorithm,YES,"Greedy: pick best option at each step. Don't look back, just take what's best now"
1736,Merge Intervals,ðŸ”´,N/A,N/A,N/A,Coding implementation; algorithm,YES,"Understand the concept, break into steps, use appropriate data structure (hash map, array, tree, etc.)"
1737,Merge k sorted linked lists.,ðŸ”´,N/A,N/A,N/A,Coding implementation; algorithm,YES,"Arrange items in order. Compare pairs, swap if needed. Many ways: quick sort, merge sort"
1738,Merge two sorted linked list,ðŸ”´,N/A,N/A,N/A,Coding implementation; algorithm,YES,"Arrange items in order. Compare pairs, swap if needed. Many ways: quick sort, merge sort"
1739,Merge two sorted lists,ðŸ”´,N/A,N/A,N/A,Coding implementation; algorithm,YES,"Arrange items in order. Compare pairs, swap if needed. Many ways: quick sort, merge sort"
1744,Minimum Absolute Difference,ðŸ”´,N/A,N/A,N/A,Coding implementation; algorithm,YES,"Greedy: pick best option at each step. Don't look back, just take what's best now"
1745,"Modify this PyTorch pseudo-code to perform negative sampling if the pos_ids are known: label #shape=[batch_s, pos_ids] hidden #shape=[batch_s, ch] logits #shape=[ch, C] out=np.dot(logits, hidden(X)...",ðŸ”´,N/A,N/A,N/A,ML implementation; technical question,YES,"Understand the concept, break into steps, use appropriate data structure (hash map, array, tree, etc.)"
1748,Move all zeros to the end of an array.,ðŸ”´,N/A,N/A,N/A,Coding implementation; algorithm,YES,"Loop through items, check conditions, collect results. Basic: for each item â†’ if condition â†’ act"
1760,Partition an array into two sub-arrays with equal sum.,ðŸ”´,N/A,N/A,N/A,Coding implementation; algorithm,YES,"Loop through items, check conditions, collect results. Basic: for each item â†’ if condition â†’ act"
1772,Print all combinations of numbers from 1 to n that sum to n.,ðŸ”´,N/A,N/A,N/A,Coding implementation; algorithm,YES,"Understand the concept, break into steps, use appropriate data structure (hash map, array, tree, etc.)"
1773,Print all possible solutions to the N-Queens problem.,ðŸ”´,N/A,N/A,N/A,Coding implementation; algorithm,YES,"Understand the concept, break into steps, use appropriate data structure (hash map, array, tree, etc.)"
1774,Print all words from a dictionary that can be found on a given Boggle board.,ðŸ”´,N/A,N/A,N/A,Coding implementation; algorithm,YES,Use a lookup table - store things by name so you can find them instantly. Like a phone book: name â†’ number
1775,Print the left view of a binary tree.,ðŸ”´,N/A,N/A,N/A,Coding implementation; algorithm,YES,"Use two pointers - one from left, one from right. Compare and move them toward each other"
1776,Print the top view of nodes in a binary tree.,ðŸ”´,N/A,N/A,N/A,Coding implementation; algorithm,YES,Visit nodes in order (left â†’ root â†’ right or root â†’ left â†’ right). Use recursion or stack
1777,Product of Array Except Self,ðŸ”´,N/A,N/A,N/A,Coding implementation; algorithm,YES,"Loop through items, check conditions, collect results. Basic: for each item â†’ if condition â†’ act"
1791,Remove Duplicate Emails,ðŸ”´,N/A,N/A,N/A,Coding implementation; algorithm,YES,"Understand the concept, break into steps, use appropriate data structure (hash map, array, tree, etc.)"
1792,Reorder linked list.,ðŸ”´,N/A,N/A,N/A,Coding implementation; algorithm,YES,"Chain of nodes. Each node points to next. Easy to add/remove, but must traverse to find"
1793,Return all unique substrings of a given string.,ðŸ”´,N/A,N/A,N/A,Coding implementation; algorithm,YES,"Use sliding window - expand right until condition met, then shrink left. Like a rubber band"
1795,Reverse a linked list.,ðŸ”´,N/A,N/A,N/A,Coding implementation; algorithm,YES,"Use two pointers - one from left, one from right. Compare and move them toward each other"
1796,Reverse a Sentence,ðŸ”´,N/A,N/A,N/A,Coding implementation; algorithm,YES,"Use two pointers - one from left, one from right. Compare and move them toward each other"
1798,Roman to Integer,ðŸ”´,N/A,N/A,N/A,Coding implementation; algorithm,YES,"Understand the concept, break into steps, use appropriate data structure (hash map, array, tree, etc.)"
1799,Rotating the Box,ðŸ”´,N/A,N/A,N/A,Coding implementation; algorithm,YES,"Understand the concept, break into steps, use appropriate data structure (hash map, array, tree, etc.)"
1800,Search in rotated sorted array,ðŸ”´,N/A,N/A,N/A,Coding implementation; algorithm,YES,"Binary search: cut problem in half each time. Compare middle with target, eliminate half"
1801,Serialize and deserialize binary tree,ðŸ”´,N/A,N/A,N/A,Coding implementation; algorithm,YES,Visit nodes in order (left â†’ root â†’ right or root â†’ left â†’ right). Use recursion or stack
1804,Set Matrix Zeroes,ðŸ”´,N/A,N/A,N/A,Coding implementation; algorithm,YES,"Understand the concept, break into steps, use appropriate data structure (hash map, array, tree, etc.)"
1833,Sliding Window Maximum,ðŸ”´,N/A,N/A,N/A,Coding implementation; algorithm,YES,"Use sliding window - expand right until condition met, then shrink left. Like a rubber band"
1834,Solve a Rummy Deck (12-card hand).,ðŸ”´,N/A,N/A,N/A,Coding implementation; algorithm,YES,"Understand the concept, break into steps, use appropriate data structure (hash map, array, tree, etc.)"
1835,"Solve John Conway's ""Game of Life"".",ðŸ”´,N/A,N/A,N/A,Coding implementation; algorithm,YES,"Understand the concept, break into steps, use appropriate data structure (hash map, array, tree, etc.)"
1836,Sort a binary array in linear time.,ðŸ”´,N/A,N/A,N/A,Coding implementation; algorithm,YES,"Arrange items in order. Compare pairs, swap if needed. Many ways: quick sort, merge sort"
1837,Sort a list of natural numbers and their squares in the most efficient way possible.,ðŸ”´,N/A,N/A,N/A,Coding implementation; algorithm,YES,"Arrange items in order. Compare pairs, swap if needed. Many ways: quick sort, merge sort"
1838,Sort a nearly sorted (or K sorted) array.,ðŸ”´,N/A,N/A,N/A,Coding implementation; algorithm,YES,"Arrange items in order. Compare pairs, swap if needed. Many ways: quick sort, merge sort"
1839,Sort Colors,ðŸ”´,N/A,N/A,N/A,Coding implementation; algorithm,YES,"Arrange items in order. Compare pairs, swap if needed. Many ways: quick sort, merge sort"
1840,Split an array into equal sum subarrays,ðŸ”´,N/A,N/A,N/A,Coding implementation; algorithm,YES,"Use sliding window - expand right until condition met, then shrink left. Like a rubber band"
1844,Squares of sorted array,ðŸ”´,N/A,N/A,N/A,Coding implementation; algorithm,YES,"Binary search: cut problem in half each time. Compare middle with target, eliminate half"
1845,Sudoku Solver,ðŸ”´,N/A,N/A,N/A,Coding implementation; algorithm,YES,"Understand the concept, break into steps, use appropriate data structure (hash map, array, tree, etc.)"
1848,Suppose your generative model needs to process very long inputs that exceed typical context limits. How would you approach managing or compressing that information effectively?,ðŸ”´,N/A,N/A,N/A,ML implementation; technical question,NO,N/A - Too complex or not relevant
1860,Tell me about a machine learning project you worked on and its outcome.,ðŸ”´,N/A,N/A,N/A,ML project; technical question,NO,N/A - Too complex or not relevant
1861,Tell me about a machine learning project you worked on.,ðŸ”´,N/A,N/A,N/A,ML project; technical question,NO,N/A - Too complex or not relevant
1862,Tell me about a machine learning research topic you find interesting.,ðŸ”´,N/A,N/A,N/A,ML research; technical question,YES,"Understand the concept, break into steps, use appropriate data structure (hash map, array, tree, etc.)"
1870,Tell me about a project where you applied the CAP theorem.,ðŸ”´,N/A,N/A,N/A,System design theory; technical question,NO,N/A - Too complex or not relevant
1885,Tell me about a system design problem you solved with machine learning.,ðŸ”´,N/A,N/A,N/A,ML system design; technical question,NO,N/A - Too complex or not relevant
2116,Tell me about your day as a software engineer.,ðŸ”´,N/A,N/A,N/A,Technical role description; not relevant for data analyst,NO,N/A - Too complex or not relevant
2119,Tell me about your experience with computer vision.,ðŸ”´,N/A,N/A,N/A,ML specialization; technical question,NO,N/A - Too complex or not relevant
2121,Tell me about your experience with Java.,ðŸ”´,N/A,N/A,N/A,Programming language; technical question,NO,N/A - Too complex or not relevant
2122,Tell me about your experience with JavaScript.,ðŸ”´,N/A,N/A,N/A,Programming language; technical question,NO,N/A - Too complex or not relevant
2123,Tell me about your experience with natural language processing.,ðŸ”´,N/A,N/A,N/A,ML specialization; technical question,NO,N/A - Too complex or not relevant
2125,Tell me about your experience with React.,ðŸ”´,N/A,N/A,N/A,Programming framework; technical question,NO,N/A - Too complex or not relevant
2126,Tell me about your experience with RxJava.,ðŸ”´,N/A,N/A,N/A,Programming framework; technical question,NO,N/A - Too complex or not relevant
2127,Tell me about your experience with TypeScript.,ðŸ”´,N/A,N/A,N/A,Programming language; technical question,NO,N/A - Too complex or not relevant
2152,Tell us about one of your trips.,ðŸ”´,N/A,N/A,N/A,Personal question; not relevant,NO,N/A - Too complex or not relevant
2165,Top k frequent elements,ðŸ”´,N/A,N/A,N/A,Coding implementation; algorithm,YES,Count how many times each thing appears. Use hash map: thing â†’ count++. Then find the biggest counts
2169,Transform a flat array of objects into a nested list.,ðŸ”´,N/A,N/A,N/A,Coding implementation; algorithm,YES,"Loop through items, check conditions, collect results. Basic: for each item â†’ if condition â†’ act"
2170,Transform an input string into a target tokenized sequence using a tree/graph-based algorithm. Embeddings must be simulated (no ML models allowed). Validate the final output.,ðŸ”´,N/A,N/A,N/A,ML implementation; technical question,YES,Visit nodes in order (left â†’ root â†’ right or root â†’ left â†’ right). Use recursion or stack
2176,Valid Parentheses,ðŸ”´,N/A,N/A,N/A,Coding implementation; algorithm,YES,"Use a stack - last opened must be first closed. Like stacking plates: last in, first out"
2177,Validate a numeronym.,ðŸ”´,N/A,N/A,N/A,Coding implementation; algorithm,YES,"Understand the concept, break into steps, use appropriate data structure (hash map, array, tree, etc.)"
2178,Vertical Traversal of a Binary Tree,ðŸ”´,N/A,N/A,N/A,Coding implementation; algorithm,YES,Visit nodes in order (left â†’ root â†’ right or root â†’ left â†’ right). Use recursion or stack
2191,What activities or strategies do you use to keep yourself motivated and interested in coding?,ðŸ”´,N/A,N/A,N/A,Coding motivation; not relevant for data analyst,NO,N/A - Too complex or not relevant
2195,What are common linear regression problems?,ðŸ”´,N/A,N/A,N/A,ML theory; technical question,NO,N/A - Too complex or not relevant
2200,What are some effective loss functions for computer vision models?,ðŸ”´,N/A,N/A,N/A,ML theory; technical question,NO,N/A - Too complex or not relevant
2210,What are the differences between RAM and ROM?,ðŸ”´,N/A,N/A,N/A,Hardware theory; technical question,NO,N/A - Too complex or not relevant
2211,What are the differences between single core and multicore processors?,ðŸ”´,N/A,N/A,N/A,Hardware theory; technical question,NO,N/A - Too complex or not relevant
2212,What are the different types of machine learning?,ðŸ”´,N/A,N/A,N/A,ML theory; technical question,NO,N/A - Too complex or not relevant
2213,What are the different types of software testing?,ðŸ”´,N/A,N/A,N/A,Software testing theory; technical question,NO,N/A - Too complex or not relevant
2216,What are the key concepts and operations associated with trees?,ðŸ”´,N/A,N/A,N/A,Data structure theory; technical question,YES,Visit nodes in order (left â†’ root â†’ right or root â†’ left â†’ right). Use recursion or stack
2223,What are the major differences between Java and Go?,ðŸ”´,N/A,N/A,N/A,Programming language comparison; technical question,NO,N/A - Too complex or not relevant
2241,What are virtual functions?,ðŸ”´,N/A,N/A,N/A,OOP theory; technical question,NO,N/A - Too complex or not relevant
2280,What does your confidence level mean when building a confidence interval?,ðŸ”´,N/A,N/A,N/A,Statistics theory; math question,YES,Break into steps. Identify data structures needed. Write functions for each operation
2302,What happens when the JVM Garbage Collector releases a property static of a class?,ðŸ”´,N/A,N/A,N/A,JVM internals; technical question,NO,N/A - Too complex or not relevant
2307,What is a front-end assignment?,ðŸ”´,N/A,N/A,N/A,Front-end development; technical question,NO,N/A - Too complex or not relevant
2308,What is a full-stack developer?,ðŸ”´,N/A,N/A,N/A,Developer role; technical question,YES,"Last in, first out. Like a stack of plates: add to top, remove from top"
2312,What is a perceptron?,ðŸ”´,N/A,N/A,N/A,ML theory; technical question,NO,N/A - Too complex or not relevant
2322,What is encapsulation?,ðŸ”´,N/A,N/A,N/A,OOP theory; technical question,NO,N/A - Too complex or not relevant
2323,What is Object Oriented Programming (OOP)?,ðŸ”´,N/A,N/A,N/A,OOP theory; technical question,NO,N/A - Too complex or not relevant
2324,"What is overfitting or underfitting? Which models are most likely to experience this, and why?",ðŸ”´,N/A,N/A,N/A,ML theory; technical question,YES,"Model memorizes training data too well, fails on new data. Fix: more data, simpler model, regularization"
2334,What is the difference between inheritance and composition?,ðŸ”´,N/A,N/A,N/A,OOP theory; technical question,NO,N/A - Too complex or not relevant
2335,"What is the difference between multiprogramming, time-sharing, and multi-processing?",ðŸ”´,N/A,N/A,N/A,OS theory; technical question,NO,N/A - Too complex or not relevant
2340,What is the important mechanism that happens within Random Forest and what does bootstrapping do in this algorithm?,ðŸ”´,N/A,N/A,N/A,ML theory; technical question,NO,N/A - Too complex or not relevant
2341,What is the limit of the ratio of two consecutive Fibonacci numbers as the sequence progresses?,ðŸ”´,N/A,N/A,N/A,Math proof; brain teaser,NO,N/A - Too complex or not relevant
2361,What is your experience with machine learning?,ðŸ”´,N/A,N/A,N/A,ML experience; technical question,NO,N/A - Too complex or not relevant
2390,What methods or metrics did you use to evaluate how well your LLM performs?,ðŸ”´,N/A,N/A,N/A,ML evaluation; technical question,NO,N/A - Too complex or not relevant
2392,What metrics did you use to train and evaluate your models?,ðŸ”´,N/A,N/A,N/A,ML metrics; technical question,NO,N/A - Too complex or not relevant
2393,What metrics do you monitor after deploying a machine learning model?,ðŸ”´,N/A,N/A,N/A,ML monitoring; technical question,NO,N/A - Too complex or not relevant
2402,What metrics would you track to evaluate the performance of your ML pipeline?,ðŸ”´,N/A,N/A,N/A,ML pipeline metrics; technical question,NO,N/A - Too complex or not relevant
2448,What techniques can be used to optimize write performance from memory to disk?,ðŸ”´,N/A,N/A,N/A,System optimization; technical question,NO,N/A - Too complex or not relevant
2449,What testing methodologies are commonly used to ensure reliability and performance of AI models in production environments?,ðŸ”´,N/A,N/A,N/A,ML testing; technical question,NO,N/A - Too complex or not relevant
2453,What trends and challenges are in your ML specialty?,ðŸ”´,N/A,N/A,N/A,ML trends; technical question,NO,N/A - Too complex or not relevant
2481,What's a memory leak and how can we avoid it?,ðŸ”´,N/A,N/A,N/A,Memory management; technical question,NO,N/A - Too complex or not relevant
2488,What's the difference between LangGraph and LangSmith?,ðŸ”´,N/A,N/A,N/A,ML framework comparison; technical question,YES,"Graph = nodes connected by edges. Visit neighbors, mark visited. Use queue (BFS) or stack (DFS)"
2489,What's the effect of adjusting an LLM's context window size?,ðŸ”´,N/A,N/A,N/A,LLM theory; technical question,NO,N/A - Too complex or not relevant
2496,What's your approach to prompt engineering?,ðŸ”´,N/A,N/A,N/A,Prompt engineering; ML technical question,NO,N/A - Too complex or not relevant
2498,What's your experience with 3D graphics?,ðŸ”´,N/A,N/A,N/A,3D graphics; technical question,NO,N/A - Too complex or not relevant
2499,What's your experience with DirectX?,ðŸ”´,N/A,N/A,N/A,DirectX; technical question,NO,N/A - Too complex or not relevant
2500,What's your experience with ray tracing in video games?,ðŸ”´,N/A,N/A,N/A,Ray tracing; technical question,NO,N/A - Too complex or not relevant
2501,What's your experience working with AR and/or VR technology?,ðŸ”´,N/A,N/A,N/A,AR/VR experience; technical question,NO,N/A - Too complex or not relevant
2502,What's your experience working with CUDA?,ðŸ”´,N/A,N/A,N/A,CUDA experience; technical question,NO,N/A - Too complex or not relevant
2527,Where do vanishing gradients occur in a neural network?,ðŸ”´,N/A,N/A,N/A,ML theory; technical question,YES,CNN = good for images (spatial patterns). RNN = good for sequences (time patterns)
2536,Which sorting algorithms use divide and conquer?,ðŸ”´,N/A,N/A,N/A,Algorithm theory; technical question,YES,"Arrange items in order. Compare pairs, swap if needed. Many ways: quick sort, merge sort"
2561,Why did you become a Software Engineer?,ðŸ”´,N/A,N/A,N/A,Career choice; not relevant for data analyst,NO,N/A - Too complex or not relevant
2562,Why did you become an engineer?,ðŸ”´,N/A,N/A,N/A,Career choice; not relevant for data analyst,NO,N/A - Too complex or not relevant
2617,Why is a deep neural network better than a shallow neural network?,ðŸ”´,N/A,N/A,N/A,ML theory; technical question,YES,CNN = good for images (spatial patterns). RNN = good for sequences (time patterns)
2636,"Write a function that converts stack samples into a trace, given example inputs and outputs, in a Google Colab environment.",ðŸ”´,N/A,N/A,N/A,Coding question; implementation required,YES,"Last in, first out. Like a stack of plates: add to top, remove from top"
2637,Write a function that takes an array of integers and checks for duplicate values in any contiguous window of size N.,ðŸ”´,N/A,N/A,N/A,Algorithm question; implementation required,YES,"Use a hash map to remember what you've seen before. Check each item: have I seen this? If yes, it's a duplicate"
2638,Write a function to balance parentheses in a given string by removing the fewest characters possible. Ensure that each opening parenthesis has a corresponding closing parenthesis and each pair is p...,ðŸ”´,N/A,N/A,N/A,Algorithm question; implementation required,YES,"Use a stack - last opened must be first closed. Like stacking plates: last in, first out"
2639,Write a function to check whether a string contains a substring.,ðŸ”´,N/A,N/A,N/A,Coding question; implementation required,YES,"Use sliding window - expand right until condition met, then shrink left. Like a rubber band"
2640,Write a function to do Excel-style operations.,ðŸ”´,N/A,N/A,N/A,Coding question; implementation required,YES,"Understand the concept, break into steps, use appropriate data structure (hash map, array, tree, etc.)"
2641,Write a function to print 1 to n without using a loop.,ðŸ”´,N/A,N/A,N/A,Algorithm question; implementation required,YES,"Understand the concept, break into steps, use appropriate data structure (hash map, array, tree, etc.)"
2642,Write a function to return all prime numbers up to a given number n.,ðŸ”´,N/A,N/A,N/A,Algorithm question; implementation required,YES,"Understand the concept, break into steps, use appropriate data structure (hash map, array, tree, etc.)"
2643,"Write a program that scans the file system to identify and report duplicate files, handling real files, extensions, and file reading operations.",ðŸ”´,N/A,N/A,N/A,Coding question; implementation required,YES,"Understand the concept, break into steps, use appropriate data structure (hash map, array, tree, etc.)"
2644,Write a program to count the frequency of each character in a given text file.,ðŸ”´,N/A,N/A,N/A,Coding question; implementation required,YES,Count how many times each thing appears. Use hash map: thing â†’ count++. Then find the biggest counts
2649,Write functions to serialize and deserialize a list of strings.,ðŸ”´,N/A,N/A,N/A,Coding question; implementation required,YES,"Work with text. Compare characters, find patterns, extract parts"
2650,Write SQL code to publish the Fibonacci series.,ðŸ”´,N/A,N/A,N/A,Algorithm question; Fibonacci is algorithmic,NO,N/A - Too complex or not relevant
2668,"You are given m*n matrix, find if any row, column or diagonal has all boolean = True. Find for diagonals and anti diagonals at 45 degrees",ðŸ”´,N/A,N/A,N/A,Algorithm question; implementation required,YES,"Understand the concept, break into steps, use appropriate data structure (hash map, array, tree, etc.)"
2687,"You have a dataset comprising 1,000 avatar images and 100,000 user descriptions with associated avatar images. Create a model that recommends an image from a new set of 100,000 images for a user de...",ðŸ”´,N/A,N/A,N/A,ML model creation; implementation required,YES,Break into steps. Identify data structures needed. Write functions for each operation
2700,You roll a dice until the total reaches 100 or more. Which appears more often in the rolls: 1 or 6?,ðŸ”´,N/A,N/A,N/A,Brain teaser; probability puzzle,YES,"Understand the concept, break into steps, use appropriate data structure (hash map, array, tree, etc.)"
2737,"You're a PM at Instacart responsible for growing the Business Customers segment. What strategies would you implement to attract and retain businesses such as restaurants, retailers, and offices?",ðŸ”´,N/A,N/A,N/A,Coding/algorithm/ML; implementation required,YES,Break into steps. Identify data structures needed. Write functions for each operation
2764,You're a PM at Spotify. What metrics would you use to decide whether to ship a new song recommendation algorithm?,ðŸ”´,N/A,N/A,N/A,Coding/algorithm/ML; implementation required,YES,"Understand the concept, break into steps, use appropriate data structure (hash map, array, tree, etc.)"
2842,You're given a time-based key-value store that keeps having new key-value pairs added. Implement a windowed average.,ðŸ”´,N/A,N/A,N/A,Coding/algorithm/ML; implementation required,YES,Use a lookup table - store things by name so you can find them instantly. Like a phone book: name â†’ number
2846,You're leading a geographically dispersed team. What strategies and practices would you implement to ensure clear and effective communication?,ðŸ”´,N/A,N/A,N/A,Coding/algorithm/ML; implementation required,YES,"Graph = nodes connected by edges. Visit neighbors, mark visited. Use queue (BFS) or stack (DFS)"
